config,n_both,r2w,w2r,r2w_ratio,w2r_ratio,net_flip_ratio,mcnemar_b,mcnemar_c,mcnemar_stat,mcnemar_p
typo25_real10,494,12,7,0.0243,0.0142,0.0101,12,7,0.842,0.35879536
typo25_real40,495,15,9,0.0303,0.0182,0.0121,15,9,1.042,0.30743417
typo25_real70,493,15,9,0.0304,0.0183,0.0122,15,9,1.042,0.30743417
typo50_real10,495,18,9,0.0364,0.0182,0.0182,18,9,2.37,0.12365771
typo50_real40,495,22,6,0.0444,0.0121,0.0323,22,6,8.036,0.00458639
typo50_real70,494,25,9,0.0506,0.0182,0.0324,25,9,6.618,0.01009731
typo75_real10,493,34,5,0.069,0.0101,0.0588,34,5,20.103,7.34e-06
typo75_real40,492,39,7,0.0793,0.0142,0.065,39,7,20.891,4.86e-06
typo75_real70,494,46,7,0.0931,0.0142,0.0789,46,7,27.245,1.8e-07
