config,n_both,excluded_truncated,clean_mean_tok,typo_mean_tok,median_ratio,geomean_ratio,ratio_of_means,p90_ratio
typo25_real10,448,52,1369.0,1336.9,0.9553,0.9476,0.9766,1.8216
typo25_real40,452,48,1366.8,1417.8,0.9624,0.992,1.0373,2.0722
typo25_real70,448,52,1361.6,1350.1,0.9815,0.9732,0.9915,1.8976
typo50_real10,438,62,1362.4,1434.0,1.0204,1.0062,1.0526,2.0047
typo50_real40,440,60,1362.8,1450.0,0.9796,1.0005,1.0639,2.2021
typo50_real70,428,72,1351.6,1470.3,1.0191,1.011,1.0878,2.4447
typo75_real10,409,91,1368.6,1533.4,1.0311,1.0563,1.1205,2.5584
typo75_real40,412,88,1371.9,1561.4,1.0558,1.0652,1.1382,2.6258
typo75_real70,383,117,1345.4,1572.0,1.0305,1.0733,1.1684,2.6623
