config,n_corrupt_words,silent_fix_n,flagged_n,misread_n,not_used_n,silent_fix_frac,flagged_frac,misread_frac,not_used_frac
typo25_real10,3307,2472,324,93,418,0.7475,0.098,0.0281,0.1264
typo25_real40,3316,2345,438,146,387,0.7072,0.1321,0.044,0.1167
typo25_real70,3288,2279,482,138,389,0.6931,0.1466,0.042,0.1183
typo50_real10,6299,4312,1006,276,705,0.6846,0.1597,0.0438,0.1119
typo50_real40,6271,4021,1148,283,819,0.6412,0.1831,0.0451,0.1306
typo50_real70,6089,3553,1376,412,748,0.5835,0.226,0.0677,0.1228
typo75_real10,8088,4788,1712,513,1075,0.592,0.2117,0.0634,0.1329
typo75_real40,8214,4571,2042,576,1025,0.5565,0.2486,0.0701,0.1248
typo75_real70,7615,3943,1978,663,1031,0.5178,0.2598,0.0871,0.1354
